ChiZ164,GMTPVRPPHTPDPLNLRGPLDGPRWRRAEPAQSRRPGRSRPGGAPLRYHRTGVGMSRTGHGSRPV
DomainV,GAMGTAGNKAALLDQIREGAQLKKVEQNSRPVSCSGRDALLDQIRQGIQLKSVADGQESTPPTPAPT
DSS1,MSRAALPSLENLEDDDEFEDFATENWPMKDTELDTGDDTLWENNWDDEDIGDDDFSVQLQAELKKKGVAAC
BMAL1P624A,GPDASSPGGKKILNGGTPDIPSTGLLPGQAQETPGYPYSDSSSILGENPHIGIDMIDNDQGSSSPSNDEAAMAVIMSLLEADAGLGGPVDFSDLPWAL
VWF,MEDREQAPNLVYMVTGNPASDEIKRLPGDIQVVPIGVGPNANVQELERIGWPNAPILIQDFETLPREAPDLVLQRGGWSHPQFEKGGGSGGGSGGWSHPQFEK
p27Cv56,GSHMKGACGSSVLGTGNPRNQAHVSDTSLEEDDDEQDDSTPDEVSQACTIVASALDINAATPRSPKASPKRKRKRQSTAPAQGNEPPGNAGSVEQTPKKPGLRRRQT
p27Cv14,GSHMKGACKSSSPPSNDQGRPGDPKQVIDKTEVERTQDTSNIQETQSANNSGPDKPSRCDLAVSGVAAAALPAPGHANSTARDLTRDEEAGSVEQTPKKPGLRRRQT
p27Cv78,GSHMKGACALPSGVVPAEDDDDDEEEEDDQDPAQPQAVQGAAPSSGTNNSQPILPSIAVNSTTGPNSTAGKKKRKRRRTRHSNCATLSSAGSVEQTPKKPGLRRRQT
p27Cv31,GSHMKGACKVPAQESQDVSGSRPAAPLIGAPANSEDTHLVDPKTDPSDSQTGLAEQCAGIRKRPATDDSSTQNKRANRTEENVSDGSPNAGSVEQTPKKPGLRRRQT
p27Cv44,GSHMKGACRKPANAEADSSSCQNVPRGKSKQAPETPTGSPLGDATLNQVKPRRPSSASTNIGQLEDADEDDAEDHVGSAVTSQTIPNDRAGSVEQTPKKPGLRRRQT
p27Cv15,GSHMKGACIVANSPPDDVKSKEDVPQTDPRLTGGDRDNARASRTGNDPAGASTQSAEVACSNPILSTPDAQEKQAGTSNSKERPHEQLSAGSVEQTPKKPGLRRRQT
PTMA,GPSDAAVDTSSEITTKDLKEKKEVVEEAENGRDAPANGNANEENGEQEADNEVDEEEEEGGEEEEEEEEGDGEEEDGDEDEEAESATGKRAAEDDEDDDVDTKKQKTDEDD
GON7,MGHHHHHHENLYFQGELLGEYVGQEGKPQKLRVSCEAPGDGDPFQGLLSGVAQMKDMVTELFDPLVQGEVQHRVAAAPDEDLDGDDEDDAEDENNIDNRTNFDGPSAKRPKTPS
NHE6cmdd,GPPLTTTLPACCGPIARCLTSPQAYENQEQLKDDDSDLILNDGDISLTYGDSTVNTEPATSSAPRRFMGNSSEDALDRELAFGDHELVIRGTRLVLPMDDSEPPLNLLDNTRHGPA
hKISS1,GEPLEKVASVGNSRPTGQQLESLGLLAPGEQSLPCTERKPAATARLSRRGTSLSPPPESSGSPQQPGLSAPHRSQIPAPQGAVLVQREKDLPNYNWNSFGLRFGKREAAPGNHGRSAGRG
TtASR1,GSPEFMAEEKHHHLFHHKEGEDFQPAADGGVDTYGYSTETVVTATGNDGEYERITKEEKHHKHKEHLGEMGAAAAGAFALYEKHEAKKDPEHAHKHKIEEEVAAAAAVGAGGFVFHEHHEKKQDHKEAKEASGEKKHHLFG
HvASR1,GSPEFMAEEKHHHHLFHHKKEGEDFQPAADGGADVYGYSTETVVTGTGNEGEYERITKEEKHHKHKEHLGEMGAVAAGAFALYEKHEAKKDPEHAHKHKIEEELAAAAAVGAGGFVFHEHHEKKQDHKEAKEASGEKKHHLFG
TIF2NRID,ERADGQSRLHDSKGQTKLLQLLTTKSDQMEPSPLASSLSDTNKDSTGSLPGSGSTHGTSLKEKHKILHRLLQDSSSPVDLAKLTAEATGKDLSQESSSTAPGSEVTIKQEPVSPKKKENALLRYLLDKDDTKDIGLPEITPKLERLDSKT
ED4,GSSHHHHHHSSGLVPRGSHMESIRETEVIDPQDLLEGRYFSGALPDDEDVVGPGQESDDFELSGSGDLDDLEDSMIGPEVVHPLVPLDNHIPERAGSGSQVPTEPKKLEENEVIPKRISPVEESEDVSNKVSMSSTVQGSNIFERTEVLAGCPEHDYKDDDDK
ANAC046,NAPSTTITTTKQLSRIDSLDNIDHLLDFSSLPPLIDPGFLGQPGPSFSGARQQHDLKPVLHHPTTAPVDNTYLPTQALNFPYHSVHNSGSDFGYGAGSGNNNKGMIKLEHSLVSVSQETGLSSDVNTTATPEISSYPMMMNPAMMDGSKSACDGLDDLIFWEDLYTS
PARCL,GSMQYYENREKDYYEVAQGQRNGYGQSQSHNHEGYGQSQSRGGYGQIHNREGYNQNREGYSQSQSRPVYGLSPTLNHRSHGGFLDGLFKGQNGQKGQSGLGTFLGQHKSQEAKKSQGHGKLLGQHDQKKTHETNSGLNGLGMFINNGEKKHRRKSEHKKKNKDGHGSGNESGSSSGSDSD
N_FATZ1,MAHHHHHHVDDDDKIMPLSGTPAPNKKRKSSKLIMELTGGGQESSGLNLGKKISVPRDVMLEELSLLTNRGSKMFKLRQMRVEKFIYENHPDVFSDSSMDHFQKFLPTVGGQLGTAGQGFSYSKSNGRGGSQAGGSGSAGQYGSDQQHHLGSGSGAGGTGGPAGQAGRGGAAGTAGVGETGSGDQAGGEAE
D91_FATZ1,GPTVGGQLGTAGQGFSYSKSNGRGGSQAGGSGSAGQYGSDQQHHLGSGSGAGGTGGPAGQAGRGGAAGTAGVGETGSGDQAGGEGKHITVFKTYISPWERAMGVDPQQKMELGIDLLAYGAKAELPKYKSFNRTAMPYGGYEKASKRMTFQMPKFDLGPLLSEPLVLYNQNLSNRPSFNRTPIPWLSSGEPVDYNVDIGIPLDGETEEL
cDAXX,SPMSSLQISNEKNLEPGKQISRSSGEQQNKGRIVSPSLLSEEPLAPSSIDAESNGEQPEELTLEEESPVSQLFELEIEALPLDTPSSVETDISSSRKQSEEPFTTVLENGAGMVSSTSFNGGVSPHNWGDSGPPCKKSRKEKKQTGSGPLGNSYVERQRSVHEKNGKKICTLPSPPSPLASLAPVADSSTRVDSPSHGLVTSSLCIPSPARLSQTPHSQPPRPGTCKTSVATQCDPEEIIVLSDSD
ED3,MGSSHHHHHHSSGLVPRGSMAQRWRSENFERPVDLEGSGDDDSFPDDELDDLYSGSGSGYFEQESGIETAMETRFSPDVALAVSTTPAVLPTTNIQPVGTPFEELPSERPTLEPATSPLVVTEVPEEPSQRATTVSTTMETATTAATSTGDPTVATVPATVATATPSTPAAPPFTATTAVIRTTGVRRLLPLPLTTVATARATTPEAPSPPTTAAVLDTEAPTPRLVSTATSRPRALPRPATTQEPDIPERSTLPLGTTAPGPTEVAQTPTPETFLTTIRDEPEVPVSGGPSGDFELPEEETTQPDTANEVVAVGGAAAKASSPPGTLPKGARPGPGLLDNAIDSGSSAAQLPQKSILERKEVLVDYKDDDDK
SH4UD_SH3_SH2,SAWSHPQFEKGSNKSKPKDASQRRRSLEPAENVHGAGGGAFPASQTPSKPASADGHRGPSAAFAPAAAEPKLFGGFNSSDTVTSPQRALPETGVTTFVALYDYESRTETDLSFKKGERLQIVNNTEGDWWLAHSLSTGQTGYIPSNYVAPSDSIQAEEWYFGKITRRESERLLLNAENPRGTFLVRESETTKGAYCLSVSDFDNAKGLNVKHYKIRKLDSGGFYITSRTQFNSLQQLVAYYSKHADGLCHRLTTVCPTHHHHHH
H46,MATLEKLMKAFESLKSFQQQQQQQQQQQQQQQQQQQQQQQQQQQQQQQQQQQQQQQQQQQQQQPPPPPPPPPPPQLPQPPPQAQPLLPQPQPPPPPPPPPPGPAVAEEPLHRPEASLEVLFQGPGSHMASKGEELFTGVVPILVELDGDVNGHKFSVRGEGEGDATNGKLTLKFICTTGKLPVPWPTLVTTLTYGVQCFSRYPDHMKRHDFFKSAMPEGYVQERTISFKDDGTYKTRAEVKFEGDTLVNRIELKGIDFKEDGNILGHKLEYNFNSHNVYITADKQKNGIKANFKIRHNVEDGSVQLADHYQQNTPIGDGPVLLPDNHYLSTQSVLSKDPNEKRDHMVLLEFVTAAGITHGMDELYKLERAPGGGSHHHHHH
TDP43W2A,GMSEYIRVTEDENDEPIEIPSEDDGTVLLSTVTAQFPGACGLRYRNPVSQCMRGVRLVEGILHAPDAGAGNLVYVVNYPKDNKRKMDETDASSAVKVKRAVQKTSDLIVLGLPAKTTEQDLKEYFSTFGEVLMVQVKKDLKTGHSKGFGFVRFTEYETQVKVMSQRHMIDGRWCDCKLPNSKQSQDEPLRSRKVFVGRCTEDMTEDELREFFSQYGDVMDVFIPKPFRAFAFVTFADDQIAQSLCGEDLIIKGISVHISNAEPKHNSNRQLERSGRFGGNPGGFGNQGGFGNSRGGGAGLGNNQGSNMGGGMNFGAFSINPAMMAAAQAALQSSAGMMGMLASQQNQSGPSGNNQNQGNMQREPNQAFGSGNNSYSGSNSGAAIGAGSASNAGSGSGFNGGFGSSMDSKSSGAGM
PCPE,QTPNYTRPVFLCGGDVKGESGYVASEGFPNLYPPNKECIWTITVPEGQTVSLSFRVFDLELHPACRYDALEVFAGSGTSGQRLGRFCGTFRPAPLVAPGNQVTLRMTTDEGTGGRGFLLWYSGRATSGTEHQFCGGRLEKAQGTLTTPNWPESDYPPGISCSWHIIAPPDQVIALTFEKFDLEPDTYCRYDSVSVFNGAVSDDSRRLGKFCGDAVPGSISSEGNELLVQFVSDLSVTADGFSASYKTLPRGTAKEGQGPGPKRGTEPKVKLPPKSQPPEKTEESPSAPDAPTCPKQCRRTGTLQSNFCASSLVVTATVKSMVREPGEGLAVTVSLIGAYKTGGLDLPSPPTGASLKFYVPCKQCPPMKKGVSYLLMGQVEENRGPVLPPESFVVLHRPNQDQILTNLSKRKCPSQPVRAAASQD
NiV_V,SMDKLELVNDGLNIIDFIQKNQKEIQKTYGRSSIQQPSIKDQTKAWEDFLQCTSGESEQVEGGMSKDDGDVERRNLEDLSSTSPTDGTIGKRVSNTRDWAEGSDDIQLDPVVTDVVYHDHGGECTGYGFTSSPERGWSDYTSGANNGNVCLVSDAKMLSYAPEIAVSKEDRETDLVHLENKLSTTGLNPTAVPFTLRNLSDPAKDSPVIAEHYYGLGVKEQNVGPQTSRNVNLDSIKLYTSDDEEADQLEFEDEFAGSSSEVIVGISPEDEEPSSVGGKPNESIGRTIEGQSIRDNLQAKDNKSTDVPGAGPKDSAVKEEPPQKRLPMLAEEFECSGSEDPIIRELLKENSLINCQQGKDAQPPYHWSIERSISPDKTEIVNGAVQTADRQRPGTPMPKSRGIPIKKGHRREISICWDGKRAWVEEWCNPACSRITPLPRRQECQCGECPTECFHCG
HeV_V,SMDKLELVNDGLNIIDFIQKNQKEIQKTYGRSSIQQPSIKDQTKAWEDFLQCTSGESEQVEGGMSKDDGDVERRNLEDLSSTSPTDGTIGKRVSNTRDWAEGSDDIQLDPVVTDVVYHDHGGECTGYGFTSSPERGWSDYTSGANNGNVCLVSDAKMLSYAPEIAVSKEDRETDLVHLENKLSTTGLNPTAVPFTLRNLSDPAKDSPVIAEHYYGLGVKEQNVGPQTSRNVNLDSIKLYTSDDEEADQLEFEDEFAGSSSEVIVGISPEDEEPSSVGGKPNESIGRTIEGQSIRDNLQAKDNKSTDVPGAGPKDSAVKEEPPQKRLPMLAEEFECSGSEDPIIRELLKENSLINCQQGKDAQPPYHWSIERSISPDKTEIVNGAVQTADRQRPGTPMPKSRGIPIKKGHRREVSICWDGKRAWVEEWCNPVCSRITPQPRKQECYCGECPTECSQCCH
D14,MHHHHHHSSGVDLGTENLYFQSMMTSTFNPRECKLSKQEGQNYGFFLRIEKDTEGHLVRVVEKCSPAEKAGLQDGDRVLRINGVFVDKEEHMQVVDLVRKSGNSVTLLVLDGDSYEKAVKTRVDLKELGQSQKEQGLSDNILSPVMNGGVQTWTQPRLCYLVKEGGSYGFSLKTVQGKKGVYMTDITPQGVAMRAGVLADDHLIEVNGENVEDASHEEVVEKVKKSGSRVMFLLVDKETDKRHVEQKIQFKRETASLKLLPHQPRIVEMKKGSNGYGFYLRAGSEQKGQIIKDIDSGSPAEEAGLKNNDLVVAVNGESVETLDHDSVVEMIRKGGDQTSLLVVDKETDNMYRLAHFSPFLYYQSQELPNGSVKEAPAPTPTSLEVSSPPDTTEEVDHKPKLCRLAKGENGYGFHLNAIRGLPGSFIKEVQKGGPADLAGLEDEDVIIEVNGVNVLDEPYEKVVDRIQSSGKNVTLLVCGKKAY
S4FL,MDNMSITNTPTSNDACLSIVHSLMCHRQGGESETFAKRAIESLVKKLKEKKDELDSLITAITTNGAHPSKCVTIQRTLDGRLQVAGRKGFPHVIYARLWRWPDLHKNELKHVKYCQYAFDLKCDSVCVNPYHYERVVSPGIDLSGLTLQSNAPSSMMVKDEYVHDFEGQPSLSTEGHSIQTIQHPPSNRASTETYSTPALLAPSESNATSTANFPNIPVASTSQPASILGGSHSEGLLQIASGPQPGQQQNGFTGQPATYHHNSTTTWTGSRTAPYTPNLPHHQNGHLQHHPPMPPHPGHYWPVHNELAFQPPISNHPAPEYWCSIAYFEMDVQVGETFKVPSSCPIVTVDGYVDPSGGDRFCLGQLSNVHRTEAIERARLHIGKGVQLECKGEGDVWVRCLSDHAVFVQSYYLDREAGRAPGDAVHKIYPSAYIKVFDLRQCHRQMQQQAATAQAAAAAQAAAVAGNIPGPGSVGGIAPAISLSAAAGIGVDDLRRLCILRMSFVKGWGPDYPRQSIKETPCWIEIHLHRALQLLDEVLHTMPIADPQPLD
ChiAM,MGSVVPGTVSISGSVKNGSALVTDVTVELRNASNAVIQTVVSANGNFAFNNLTSGQNYSLTALKATYTFTPVTLVNVTVNQTAVVINGTQPTYTVSGTVLDGSTPVSGVTVTAVSGSTTLTAVSNASGVYSIAGLTAGLNFTVTAAKSGFSYAPASTVYNAIDSNKTLNFTQGAPVVNYTVSGTVLNSTTPVSGVTVTASFTGGSYAAVTNASGTYSLSLPSGGNYTVTAALTGQTFTPASTVYSNLNANKTLNFTQDVVVSTSKISGTVKNGTNPVAGAKVELVLPWTDNTHNWKSVIATTDAQGKYSFDNSVVDGYTQVLSLKLNSWQNGEVAYYPNNLANFAVPANPTVYNFNTSSTAKSALAAAANLISGTVKNGTTPVAGAKVEIVLPWTDNTHNWKSVLATTDASGNYSFDNSVVAGYTQILSLKLNGWENGDVTYYPNNLANFAVPTTPTIYNFNRQAVVATKPVVTITAPTASAIAINLGSAINFVASVGLSAVDATTISSVVFSLDGQSLSTANSSGTYTAAWTPAANQFSLSHTLTVTATASNGTTDSKTYSFTLTCSGANCPNALPVITWNSPSNTTVYQNTFQVVPISVTAVDSDGTVSGVTITINGGTFNMTAGTNNTYTYNFTPSAYQDYPVVIKATDNKSGVTTLNNTIKIATVSTNRFIAHHHHHH